{
  "Total" : {
    "transaction" : "Total",
    "sampleCount" : 500,
    "errorCount" : 0,
    "errorPct" : 0.0,
    "meanResTime" : 695.9159999999996,
    "medianResTime" : 679.0,
    "minResTime" : 650.0,
    "maxResTime" : 2394.0,
    "pct1ResTime" : 703.0,
    "pct2ResTime" : 740.0,
    "pct3ResTime" : 1276.7500000000002,
    "throughput" : 1.6668555769653894,
    "receivedKBytesPerSec" : 66.53260546611949,
    "sentKBytesPerSec" : 0.6706489235446684
  },
  "GET /Signup" : {
    "transaction" : "GET /Signup",
    "sampleCount" : 500,
    "errorCount" : 0,
    "errorPct" : 0.0,
    "meanResTime" : 695.9159999999996,
    "medianResTime" : 679.0,
    "minResTime" : 650.0,
    "maxResTime" : 2394.0,
    "pct1ResTime" : 703.0,
    "pct2ResTime" : 740.0,
    "pct3ResTime" : 1276.7500000000002,
    "throughput" : 1.6668555769653894,
    "receivedKBytesPerSec" : 66.53260546611949,
    "sentKBytesPerSec" : 0.6706489235446684
  }
}