{
  "Total" : {
    "transaction" : "Total",
    "sampleCount" : 10,
    "errorCount" : 0,
    "errorPct" : 0.0,
    "meanResTime" : 819.8,
    "medianResTime" : 683.5,
    "minResTime" : 662.0,
    "maxResTime" : 1615.0,
    "pct1ResTime" : 1567.1000000000001,
    "pct2ResTime" : 1615.0,
    "pct3ResTime" : 1615.0,
    "throughput" : 0.5375766046661649,
    "receivedKBytesPerSec" : 21.45739117433609,
    "sentKBytesPerSec" : 0.21629058703365228
  },
  "GET /Signup" : {
    "transaction" : "GET /Signup",
    "sampleCount" : 10,
    "errorCount" : 0,
    "errorPct" : 0.0,
    "meanResTime" : 819.8,
    "medianResTime" : 683.5,
    "minResTime" : 662.0,
    "maxResTime" : 1615.0,
    "pct1ResTime" : 1567.1000000000001,
    "pct2ResTime" : 1615.0,
    "pct3ResTime" : 1615.0,
    "throughput" : 0.5375766046661649,
    "receivedKBytesPerSec" : 21.45739117433609,
    "sentKBytesPerSec" : 0.21629058703365228
  }
}